dataset,base_classes,matched_cosine_mean,matched_cosine_std,matched_cosine_p05,matched_cosine_min,hardest_nonmatched_cosine_mean,alignment_margin_mean,alignment_margin_p05,alignment_margin_min,top1_anchor_retrieval_rate,classifier_to_mean_norm_ratio_mean,raw_relative_l2_mismatch_mean
mcure171,91,1.0000000013099921,1.6835565475048497e-07,0.9999997615814209,0.9999995231628418,0.759573369890779,0.24042663141921328,0.1470014452934265,0.07639825344085693,1.0,1.0,0.0
flowers102,62,0.9999999807726953,2.05642294304198e-07,0.9999996423721313,0.9999994039535522,0.6562327617599119,0.3437672190127834,0.2775755524635315,0.2615288496017456,1.0,1.0,0.0
